{
    "mse": 131.4140969092483,
    "mae": 8.346313311077093,
    "r2": 0.9306794067963485
}