{
    "mse": 133.08194658514748,
    "mae": 8.377317203927026,
    "r2": 0.9297996204444497
}